tenure,MonthlyCharges,TotalCharges,Contract,PaymentMethod,InternetService,gender,SeniorCitizen,Partner,Churn_Prob,High_Risk,Actual_Churn,Retention_Strategy
1,102.45,102.45,Month-to-month,Electronic check,Fiber optic,Female,0,Yes,0.8609838,1,1,Offer 1-year contract + $10 discount
1,95.1,95.1,Month-to-month,Electronic check,Fiber optic,Male,1,Yes,0.855422,1,1,Offer 1-year contract + $10 discount
1,85.05,85.05,Month-to-month,Electronic check,Fiber optic,Female,1,No,0.84650916,1,1,Offer 1-year contract + $10 discount
1,85.0,85.0,Month-to-month,Electronic check,Fiber optic,Female,1,No,0.84650916,1,1,Offer 1-year contract + $10 discount
1,69.6,69.6,Month-to-month,Electronic check,Fiber optic,Female,1,No,0.8313139,1,1,Offer 1-year contract + $10 discount
1,69.25,69.25,Month-to-month,Electronic check,Fiber optic,Female,1,Yes,0.8313139,1,1,Offer 1-year contract + $10 discount
1,71.0,71.0,Month-to-month,Electronic check,Fiber optic,Female,1,No,0.8260911,1,1,Offer 1-year contract + $10 discount
1,76.45,76.45,Month-to-month,Electronic check,Fiber optic,Male,1,No,0.8260911,1,1,Offer 1-year contract + $10 discount
1,74.3,74.3,Month-to-month,Electronic check,Fiber optic,Male,1,Yes,0.8260911,1,0,Offer 1-year contract + $10 discount
1,89.55,89.55,Month-to-month,Electronic check,Fiber optic,Male,0,No,0.82456404,1,1,Offer 1-year contract + $10 discount
1,95.45,95.45,Month-to-month,Electronic check,Fiber optic,Male,0,No,0.82456404,1,1,Offer 1-year contract + $10 discount
1,84.85,84.85,Month-to-month,Electronic check,Fiber optic,Male,0,No,0.8118311,1,1,Offer 1-year contract + $10 discount
1,85.0,85.0,Month-to-month,Electronic check,Fiber optic,Male,0,No,0.8118311,1,0,Offer 1-year contract + $10 discount
1,88.35,88.35,Month-to-month,Electronic check,Fiber optic,Male,0,No,0.8118311,1,1,Offer 1-year contract + $10 discount
1,80.0,80.0,Month-to-month,Electronic check,Fiber optic,Male,0,Yes,0.805482,1,1,Offer 1-year contract + $10 discount
1,80.5,80.5,Month-to-month,Electronic check,Fiber optic,Male,0,No,0.805482,1,1,Offer 1-year contract + $10 discount
1,79.5,79.5,Month-to-month,Electronic check,Fiber optic,Male,0,No,0.805482,1,1,Offer 1-year contract + $10 discount
1,77.15,77.15,Month-to-month,Electronic check,Fiber optic,Female,0,No,0.80361557,1,1,Offer 1-year contract + $10 discount
1,78.8,78.8,Month-to-month,Electronic check,Fiber optic,Female,0,Yes,0.80361557,1,1,Offer 1-year contract + $10 discount
1,69.55,69.55,Month-to-month,Electronic check,Fiber optic,Male,0,No,0.7946039,1,1,Offer 1-year contract + $10 discount
1,69.9,69.9,Month-to-month,Electronic check,Fiber optic,Male,0,No,0.7946039,1,0,Offer 1-year contract + $10 discount
1,70.0,70.0,Month-to-month,Electronic check,Fiber optic,Male,0,Yes,0.7946039,1,1,Offer 1-year contract + $10 discount
1,69.1,69.1,Month-to-month,Electronic check,Fiber optic,Male,0,No,0.7946039,1,1,Offer 1-year contract + $10 discount
1,69.9,69.9,Month-to-month,Electronic check,Fiber optic,Male,0,No,0.7946039,1,1,Offer 1-year contract + $10 discount
1,71.0,71.0,Month-to-month,Electronic check,Fiber optic,Male,0,Yes,0.78853357,1,1,Offer 1-year contract + $10 discount
1,70.25,70.25,Month-to-month,Electronic check,Fiber optic,Female,0,No,0.78853357,1,1,Offer 1-year contract + $10 discount
1,74.5,74.5,Month-to-month,Electronic check,Fiber optic,Male,0,Yes,0.78853357,1,1,Offer 1-year contract + $10 discount
1,74.5,74.5,Month-to-month,Electronic check,Fiber optic,Female,0,No,0.78853357,1,1,Offer 1-year contract + $10 discount
1,71.65,71.65,Month-to-month,Electronic check,Fiber optic,Male,0,No,0.78853357,1,1,Offer 1-year contract + $10 discount
1,75.3,75.3,Month-to-month,Electronic check,Fiber optic,Female,0,No,0.78853357,1,1,Offer 1-year contract + $10 discount
1,76.35,76.35,Month-to-month,Electronic check,Fiber optic,Female,0,No,0.78853357,1,1,Offer 1-year contract + $10 discount
1,75.7,75.7,Month-to-month,Electronic check,Fiber optic,Female,0,No,0.78853357,1,1,Offer 1-year contract + $10 discount
1,70.6,70.6,Month-to-month,Electronic check,Fiber optic,Female,0,No,0.78853357,1,1,Offer 1-year contract + $10 discount
7,99.25,665.45,Month-to-month,Electronic check,Fiber optic,Male,1,Yes,0.78768015,1,1,Offer 1-year contract + $10 discount
3,105.9,334.65,Month-to-month,Electronic check,Fiber optic,Male,1,Yes,0.7782368,1,1,Offer 1-year contract + $10 discount
6,105.3,545.2,Month-to-month,Electronic check,Fiber optic,Female,0,Yes,0.7729125,1,1,Offer 1-year contract + $10 discount
7,101.95,700.85,Month-to-month,Electronic check,Fiber optic,Male,1,Yes,0.7704098,1,1,Offer 1-year contract + $10 discount
3,100.95,329.95,Month-to-month,Electronic check,Fiber optic,Male,0,No,0.77021015,1,1,Offer 1-year contract + $10 discount
1,95.65,95.65,Month-to-month,Mailed check,Fiber optic,Female,0,No,0.7589075,1,1,Offer 1-year contract + $10 discount
10,110.1,1043.3,Month-to-month,Electronic check,Fiber optic,Male,0,No,0.75782925,1,1,Offer 1-year contract + $10 discount
1,90.85,90.85,Month-to-month,Credit card (automatic),Fiber optic,Male,0,No,0.75609106,1,1,Offer 1-year contract + $10 discount
1,69.5,69.5,Month-to-month,Bank transfer (automatic),Fiber optic,Male,1,No,0.7471334,1,1,Offer 1-year contract + $10 discount
1,85.55,85.55,Month-to-month,Credit card (automatic),Fiber optic,Female,0,No,0.74289525,1,1,Offer 1-year contract + $10 discount
1,70.45,70.45,Month-to-month,Mailed check,Fiber optic,Female,1,Yes,0.740119,1,1,Offer 1-year contract + $10 discount
4,99.8,442.85,Month-to-month,Credit card (automatic),Fiber optic,Female,1,No,0.7372314,1,1,Offer 1-year contract + $10 discount
11,111.4,1183.05,Month-to-month,Electronic check,Fiber optic,Male,1,No,0.7365213,1,0,Offer 1-year contract + $10 discount
1,25.05,25.05,Month-to-month,Electronic check,DSL,Male,1,Yes,0.7339267,1,1,Offer 1-year contract
1,25.2,25.2,Month-to-month,Electronic check,DSL,Female,1,No,0.7339267,1,1,Offer 1-year contract
3,96.6,291.9,Month-to-month,Electronic check,Fiber optic,Female,0,No,0.72397363,1,1,Offer 1-year contract + $10 discount
8,100.15,908.55,Month-to-month,Credit card (automatic),Fiber optic,Female,1,No,0.7219979,1,0,Offer 1-year contract + $10 discount
2,94.2,167.5,Month-to-month,Electronic check,Fiber optic,Male,0,Yes,0.7208992,1,1,Offer 1-year contract + $10 discount
3,105.35,323.25,Month-to-month,Bank transfer (automatic),Fiber optic,Male,0,No,0.71958107,1,1,Offer 1-year contract + $10 discount
1,79.35,79.35,Month-to-month,Bank transfer (automatic),Fiber optic,Female,0,Yes,0.7189854,1,1,Offer 1-year contract + $10 discount
1,79.15,79.15,Month-to-month,Mailed check,Fiber optic,Female,0,No,0.7189854,1,0,Offer 1-year contract + $10 discount
1,80.05,80.05,Month-to-month,Mailed check,Fiber optic,Female,0,Yes,0.7189854,1,1,Offer 1-year contract + $10 discount
4,93.5,362.2,Month-to-month,Electronic check,Fiber optic,Female,0,No,0.7143421,1,1,Offer 1-year contract + $10 discount
6,90.75,512.25,Month-to-month,Electronic check,Fiber optic,Female,0,Yes,0.712751,1,0,Offer 1-year contract + $10 discount
2,90.4,168.2,Month-to-month,Electronic check,Fiber optic,Female,0,No,0.712751,1,1,Offer 1-year contract + $10 discount
7,94.1,701.3,Month-to-month,Electronic check,Fiber optic,Male,0,No,0.71179795,1,0,Offer 1-year contract + $10 discount
7,98.05,713.0,Month-to-month,Bank transfer (automatic),Fiber optic,Male,0,No,0.7117541,1,1,Offer 1-year contract + $10 discount
9,90.1,816.8,Month-to-month,Electronic check,Fiber optic,Female,1,No,0.71005213,1,0,Offer 1-year contract + $10 discount
7,89.75,608.8,Month-to-month,Electronic check,Fiber optic,Male,0,Yes,0.7096017,1,1,Offer 1-year contract + $10 discount
4,90.65,367.95,Month-to-month,Electronic check,Fiber optic,Male,0,No,0.7096017,1,0,Offer 1-year contract + $10 discount
2,91.45,171.45,Month-to-month,Electronic check,Fiber optic,Male,0,Yes,0.7096017,1,0,Offer 1-year contract + $10 discount
4,90.4,356.65,Month-to-month,Electronic check,Fiber optic,Male,0,No,0.7096017,1,0,Offer 1-year contract + $10 discount
3,90.4,268.45,Month-to-month,Electronic check,Fiber optic,Male,0,No,0.7096017,1,0,Offer 1-year contract + $10 discount
2,84.05,186.05,Month-to-month,Electronic check,Fiber optic,Female,1,No,0.7092588,1,0,Offer 1-year contract + $10 discount
10,94.9,1048.85,Month-to-month,Electronic check,Fiber optic,Male,0,No,0.70763415,1,1,Offer 1-year contract + $10 discount
4,89.2,346.2,Month-to-month,Electronic check,Fiber optic,Female,1,No,0.7056822,1,1,Offer 1-year contract + $10 discount
4,84.6,360.1,Month-to-month,Electronic check,Fiber optic,Female,1,No,0.7056822,1,1,Offer 1-year contract + $10 discount
7,89.15,574.35,Month-to-month,Electronic check,Fiber optic,Female,1,No,0.7056822,1,0,Offer 1-year contract + $10 discount
12,106.7,1253.9,Month-to-month,Electronic check,Fiber optic,Male,0,No,0.70527256,1,1,Offer 1-year contract + $10 discount
3,89.45,240.45,Month-to-month,Electronic check,Fiber optic,Female,0,No,0.70202667,1,1,Offer 1-year contract + $10 discount
2,79.6,195.05,Month-to-month,Electronic check,Fiber optic,Female,1,No,0.6989172,1,1,Offer 1-year contract + $10 discount
1,45.2,45.2,Month-to-month,Electronic check,DSL,Male,1,No,0.69568855,1,0,Offer 1-year contract
1,45.1,45.1,Month-to-month,Electronic check,DSL,Male,1,No,0.69568855,1,1,Offer 1-year contract
4,83.25,308.05,Month-to-month,Electronic check,Fiber optic,Female,1,Yes,0.695509,1,0,Offer 1-year contract + $10 discount
9,94.4,857.25,Month-to-month,Electronic check,Fiber optic,Female,0,No,0.6923282,1,1,Offer 1-year contract + $10 discount
1,75.3,75.3,Month-to-month,Mailed check,Fiber optic,Female,0,No,0.6906422,1,1,Offer 1-year contract + $10 discount
1,73.5,73.5,Month-to-month,Bank transfer (automatic),Fiber optic,Female,0,No,0.6906422,1,1,Offer 1-year contract + $10 discount
1,74.25,74.25,Month-to-month,Mailed check,Fiber optic,Male,0,No,0.6906422,1,1,Offer 1-year contract + $10 discount
2,85.7,169.8,Month-to-month,Electronic check,Fiber optic,Female,0,No,0.6892686,1,1,Offer 1-year contract + $10 discount
9,99.3,918.75,Month-to-month,Credit card (automatic),Fiber optic,Male,0,No,0.687336,1,0,Offer 1-year contract + $10 discount
5,84.5,453.75,Month-to-month,Electronic check,Fiber optic,Male,0,Yes,0.68597525,1,1,Offer 1-year contract + $10 discount
3,85.3,264.8,Month-to-month,Electronic check,Fiber optic,Male,0,No,0.68597525,1,1,Offer 1-year contract + $10 discount
12,94.55,1173.55,Month-to-month,Electronic check,Fiber optic,Male,0,No,0.68377334,1,0,Offer 1-year contract + $10 discount
2,94.2,193.8,Month-to-month,Bank transfer (automatic),Fiber optic,Female,0,No,0.6814854,1,1,Offer 1-year contract + $10 discount
6,83.9,497.55,Month-to-month,Electronic check,Fiber optic,Female,0,No,0.6787863,1,1,Offer 1-year contract + $10 discount
5,84.0,424.75,Month-to-month,Electronic check,Fiber optic,Female,0,No,0.6787863,1,0,Offer 1-year contract + $10 discount
6,84.4,556.35,Month-to-month,Electronic check,Fiber optic,Male,0,No,0.6787863,1,1,Offer 1-year contract + $10 discount
3,83.75,247.25,Month-to-month,Electronic check,Fiber optic,Female,0,No,0.6787863,1,1,Offer 1-year contract + $10 discount
6,94.05,518.75,Month-to-month,Mailed check,Fiber optic,Female,0,Yes,0.6776287,1,0,Offer 1-year contract + $10 discount
8,87.05,762.1,Month-to-month,Electronic check,Fiber optic,Female,0,No,0.6741979,1,1,Offer 1-year contract + $10 discount
14,104.85,1531.4,Month-to-month,Electronic check,Fiber optic,Female,1,No,0.67283857,1,1,Offer 1-year contract + $10 discount
5,90.35,434.5,Month-to-month,Mailed check,Fiber optic,Male,0,Yes,0.67255825,1,0,Offer 1-year contract + $10 discount
3,89.85,244.45,Month-to-month,Mailed check,Fiber optic,Male,0,No,0.67255825,1,0,Offer 1-year contract + $10 discount
3,90.7,237.65,Month-to-month,Mailed check,Fiber optic,Male,0,No,0.67255825,1,0,Offer 1-year contract + $10 discount
3,77.0,237.75,Month-to-month,Electronic check,Fiber optic,Male,1,No,0.6694123,1,1,Offer 1-year contract + $10 discount
2,80.55,184.1,Month-to-month,Electronic check,Fiber optic,Female,0,No,0.6678683,1,1,Offer 1-year contract + $10 discount
3,80.0,241.3,Month-to-month,Electronic check,Fiber optic,Female,0,Yes,0.6678683,1,0,Offer 1-year contract + $10 discount
2,80.95,171.15,Month-to-month,Electronic check,Fiber optic,Male,0,No,0.6678683,1,1,Offer 1-year contract + $10 discount
4,79.9,324.3,Month-to-month,Electronic check,Fiber optic,Male,0,No,0.6678683,1,1,Offer 1-year contract + $10 discount
4,80.35,307.4,Month-to-month,Electronic check,Fiber optic,Male,0,Yes,0.6678683,1,1,Offer 1-year contract + $10 discount
2,70.65,142.35,Month-to-month,Electronic check,Fiber optic,Female,1,No,0.6653855,1,1,Offer 1-year contract + $10 discount
2,70.75,154.85,Month-to-month,Electronic check,Fiber optic,Female,1,No,0.6653855,1,1,Offer 1-year contract + $10 discount
2,74.7,165.4,Month-to-month,Electronic check,Fiber optic,Male,1,No,0.6653855,1,1,Offer 1-year contract + $10 discount
4,79.0,303.15,Month-to-month,Electronic check,Fiber optic,Female,0,No,0.66523033,1,1,Offer 1-year contract + $10 discount
6,78.95,494.95,Month-to-month,Electronic check,Fiber optic,Male,0,No,0.66523033,1,0,Offer 1-year contract + $10 discount
4,77.85,299.2,Month-to-month,Electronic check,Fiber optic,Male,0,No,0.66523033,1,1,Offer 1-year contract + $10 discount
2,79.0,143.65,Month-to-month,Electronic check,Fiber optic,Male,0,No,0.66523033,1,1,Offer 1-year contract + $10 discount
13,89.4,1132.35,Month-to-month,Electronic check,Fiber optic,Female,0,No,0.66356206,1,1,Offer 1-year contract + $10 discount
5,85.4,425.9,Month-to-month,Credit card (automatic),Fiber optic,Female,0,No,0.6549211,1,1,Offer 1-year contract + $10 discount
13,96.65,1244.5,Month-to-month,Electronic check,Fiber optic,Female,0,No,0.65271,1,1,Offer 1-year contract + $10 discount
10,85.6,813.85,Month-to-month,Electronic check,Fiber optic,Male,0,Yes,0.65206707,1,1,Offer 1-year contract + $10 discount
11,90.6,1020.2,Month-to-month,Electronic check,Fiber optic,Male,0,Yes,0.65191424,1,0,Offer 1-year contract + $10 discount
6,87.95,522.35,Month-to-month,Bank transfer (automatic),Fiber optic,Male,0,No,0.6514478,1,0,Offer 1-year contract + $10 discount
6,85.95,514.6,Month-to-month,Mailed check,Fiber optic,Female,0,No,0.6509075,1,0,Offer 1-year contract + $10 discount
4,72.75,317.75,Month-to-month,Electronic check,Fiber optic,Female,1,No,0.65058297,1,0,Offer 1-year contract + $10 discount
5,70.05,302.6,Month-to-month,Electronic check,Fiber optic,Female,1,Yes,0.65058297,1,0,Offer 1-year contract + $10 discount
7,75.4,533.05,Month-to-month,Electronic check,Fiber optic,Male,1,Yes,0.65058297,1,0,Offer 1-year contract + $10 discount
6,74.1,450.9,Month-to-month,Electronic check,Fiber optic,Female,1,No,0.65058297,1,0,Offer 1-year contract + $10 discount
7,74.85,485.25,Month-to-month,Electronic check,Fiber optic,Male,1,Yes,0.65058297,1,0,Offer 1-year contract + $10 discount
8,75.75,606.25,Month-to-month,Electronic check,Fiber optic,Female,1,No,0.6485407,1,1,Offer 1-year contract + $10 discount
8,69.7,572.85,Month-to-month,Electronic check,Fiber optic,Male,1,No,0.6485407,1,0,Offer 1-year contract + $10 discount
8,95.65,778.1,Month-to-month,Bank transfer (automatic),Fiber optic,Female,0,No,0.6484234,1,1,Offer 1-year contract + $10 discount
13,94.1,1215.6,Month-to-month,Electronic check,Fiber optic,Female,0,Yes,0.64457655,1,1,Offer 1-year contract + $10 discount
2,30.4,78.65,Month-to-month,Electronic check,DSL,Female,1,No,0.6419011,1,1,Offer 1-year contract
3,25.3,77.75,Month-to-month,Electronic check,DSL,Female,1,No,0.63753563,1,1,Offer 1-year contract
9,80.8,713.1,Month-to-month,Electronic check,Fiber optic,Male,0,No,0.6330509,1,1,Offer 1-year contract + $10 discount
9,79.75,769.1,Month-to-month,Electronic check,Fiber optic,Female,0,Yes,0.6330509,1,0,Offer 1-year contract + $10 discount
4,76.05,318.9,Month-to-month,Electronic check,Fiber optic,Male,0,No,0.6299334,1,1,Offer 1-year contract + $10 discount
5,69.7,316.9,Month-to-month,Electronic check,Fiber optic,Male,0,No,0.6299334,1,1,Offer 1-year contract + $10 discount
4,73.9,280.85,Month-to-month,Electronic check,Fiber optic,Male,0,No,0.6299334,1,1,Offer 1-year contract + $10 discount
2,70.3,144.0,Month-to-month,Electronic check,Fiber optic,Male,0,No,0.6299334,1,0,Offer 1-year contract + $10 discount
3,75.85,256.6,Month-to-month,Electronic check,Fiber optic,Female,0,Yes,0.6299334,1,1,Offer 1-year contract + $10 discount
2,67.75,116.65,Month-to-month,Electronic check,Fiber optic,Male,0,No,0.6299334,1,1,Offer 1-year contract + $10 discount
2,70.35,139.25,Month-to-month,Electronic check,Fiber optic,Female,0,No,0.6299334,1,0,Offer 1-year contract + $10 discount
3,74.55,233.65,Month-to-month,Electronic check,Fiber optic,Female,0,No,0.6299334,1,0,Offer 1-year contract + $10 discount
2,75.8,160.75,Month-to-month,Electronic check,Fiber optic,Female,0,No,0.6299334,1,1,Offer 1-year contract + $10 discount
2,74.4,139.4,Month-to-month,Electronic check,Fiber optic,Female,0,Yes,0.6299334,1,1,Offer 1-year contract + $10 discount
3,70.15,194.2,Month-to-month,Electronic check,Fiber optic,Female,0,No,0.6299334,1,0,Offer 1-year contract + $10 discount
2,70.95,137.95,Month-to-month,Electronic check,Fiber optic,Female,0,No,0.6299334,1,1,Offer 1-year contract + $10 discount
7,74.9,490.55,Month-to-month,Electronic check,Fiber optic,Male,0,No,0.6299334,1,0,Offer 1-year contract + $10 discount
3,75.5,220.6,Month-to-month,Electronic check,Fiber optic,Female,0,No,0.6299334,1,1,Offer 1-year contract + $10 discount
4,74.35,265.35,Month-to-month,Electronic check,Fiber optic,Male,0,No,0.6299334,1,1,Offer 1-year contract + $10 discount
5,69.95,330.15,Month-to-month,Electronic check,Fiber optic,Female,0,Yes,0.6299334,1,1,Offer 1-year contract + $10 discount
2,75.55,166.3,Month-to-month,Electronic check,Fiber optic,Female,0,No,0.6299334,1,1,Offer 1-year contract + $10 discount
3,74.95,212.4,Month-to-month,Electronic check,Fiber optic,Female,0,No,0.6299334,1,0,Offer 1-year contract + $10 discount
6,74.9,469.8,Month-to-month,Electronic check,Fiber optic,Male,0,No,0.6299334,1,1,Offer 1-year contract + $10 discount
7,71.05,472.65,Month-to-month,Electronic check,Fiber optic,Female,0,No,0.6299334,1,0,Offer 1-year contract + $10 discount
21,102.8,2110.15,Month-to-month,Electronic check,Fiber optic,Female,0,Yes,0.62700266,1,1,Offer 1-year contract + $10 discount
12,84.6,959.9,Month-to-month,Electronic check,Fiber optic,Male,0,Yes,0.62606764,1,0,Offer 1-year contract + $10 discount
24,104.25,2433.9,Month-to-month,Electronic check,Fiber optic,Male,1,Yes,0.6252127,1,1,Offer 1-year contract + $10 discount
11,95.15,997.65,Month-to-month,Bank transfer (automatic),Fiber optic,Female,1,No,0.624844,1,1,Offer 1-year contract + $10 discount
8,73.5,632.2,Month-to-month,Electronic check,Fiber optic,Female,0,No,0.62416315,1,0,Offer 1-year contract + $10 discount
8,74.85,572.45,Month-to-month,Electronic check,Fiber optic,Male,0,No,0.62416315,1,0,Offer 1-year contract + $10 discount
8,75.25,576.7,Month-to-month,Electronic check,Fiber optic,Female,0,No,0.62416315,1,0,Offer 1-year contract + $10 discount
22,104.6,2180.55,Month-to-month,Electronic check,Fiber optic,Male,0,Yes,0.6234099,1,0,Offer 1-year contract + $10 discount
13,99.0,1301.7,Month-to-month,Mailed check,Fiber optic,Male,0,No,0.6174071,1,1,Offer 1-year contract + $10 discount
1,25.05,25.05,Month-to-month,Mailed check,DSL,Female,1,No,0.61716557,1,1,Offer 1-year contract
6,80.5,463.05,Month-to-month,Credit card (automatic),Fiber optic,Male,0,No,0.6171175,1,1,Offer 1-year contract + $10 discount
13,98.15,1230.25,Month-to-month,Mailed check,Fiber optic,Male,0,No,0.61432844,1,1,Offer 1-year contract + $10 discount
1,48.6,48.6,Month-to-month,Electronic check,DSL,Female,0,No,0.60999835,1,0,Offer 1-year contract
13,102.25,1359.0,Month-to-month,Credit card (automatic),Fiber optic,Male,0,Yes,0.6084235,1,1,Offer 1-year contract + $10 discount
8,80.65,633.3,Month-to-month,Credit card (automatic),Fiber optic,Female,1,Yes,0.6080717,1,1,Offer 1-year contract + $10 discount
2,74.85,156.4,Month-to-month,Mailed check,Fiber optic,Male,1,No,0.607421,1,1,Offer 1-year contract + $10 discount
3,75.05,202.9,Month-to-month,Mailed check,Fiber optic,Female,1,No,0.607421,1,0,Offer 1-year contract + $10 discount
13,80.85,1008.7,Month-to-month,Electronic check,Fiber optic,Male,0,No,0.60648805,1,1,Offer 1-year contract + $10 discount
14,95.6,1273.3,Month-to-month,Electronic check,Fiber optic,Male,1,No,0.6064386,1,0,Offer 1-year contract + $10 discount
1,44.0,44.0,Month-to-month,Electronic check,DSL,Male,0,No,0.60514516,1,0,Offer 1-year contract
1,35.55,35.55,Month-to-month,Electronic check,DSL,Male,0,No,0.60514516,1,1,Offer 1-year contract
9,84.4,732.5,Month-to-month,Credit card (automatic),Fiber optic,Male,1,No,0.604814,1,1,Offer 1-year contract + $10 discount
9,75.85,647.5,Month-to-month,Electronic check,Fiber optic,Female,0,Yes,0.6043188,1,0,Offer 1-year contract + $10 discount
9,75.85,724.65,Month-to-month,Electronic check,Fiber optic,Male,0,No,0.6043188,1,0,Offer 1-year contract + $10 discount
9,74.85,708.2,Month-to-month,Electronic check,Fiber optic,Female,0,No,0.6043188,1,0,Offer 1-year contract + $10 discount
10,70.0,740.0,Month-to-month,Electronic check,Fiber optic,Male,0,No,0.6043188,1,1,Offer 1-year contract + $10 discount
1,59.2,59.2,Month-to-month,Electronic check,DSL,Female,0,No,0.60346,1,1,Offer 1-year contract
1,59.85,59.85,Month-to-month,Electronic check,DSL,Male,0,No,0.60346,1,1,Offer 1-year contract
25,105.5,2686.05,Month-to-month,Electronic check,Fiber optic,Male,0,No,0.60265505,1,0,Offer 1-year contract + $10 discount
5,78.75,426.35,Month-to-month,Mailed check,Fiber optic,Male,0,No,0.60258484,1,0,Offer 1-year contract + $10 discount
1,24.8,24.8,Month-to-month,Electronic check,DSL,Female,0,Yes,0.60110855,1,1,Offer 1-year contract
1,24.6,24.6,Month-to-month,Electronic check,DSL,Female,0,No,0.60110855,1,1,Offer 1-year contract
1,54.9,54.9,Month-to-month,Electronic check,DSL,Female,0,No,0.6000805,1,1,Offer 1-year contract
1,52.2,52.2,Month-to-month,Electronic check,DSL,Female,0,No,0.6000805,1,1,Offer 1-year contract
1,49.95,49.95,Month-to-month,Electronic check,DSL,Female,0,No,0.6000805,1,0,Offer 1-year contract
1,55.4,55.4,Month-to-month,Electronic check,DSL,Female,0,No,0.6000805,1,1,Offer 1-year contract
1,50.75,50.75,Month-to-month,Electronic check,DSL,Male,0,No,0.6000805,1,1,Offer 1-year contract
1,49.9,49.9,Month-to-month,Electronic check,DSL,Female,0,No,0.6000805,1,0,Offer 1-year contract
1,55.25,55.25,Month-to-month,Electronic check,DSL,Male,0,No,0.6000805,1,0,Offer 1-year contract
1,53.95,53.95,Month-to-month,Electronic check,DSL,Male,0,No,0.6000805,1,1,Offer 1-year contract
1,50.5,50.5,Month-to-month,Electronic check,DSL,Male,0,No,0.6000805,1,1,Offer 1-year contract
1,50.05,50.05,Month-to-month,Electronic check,DSL,Male,0,No,0.6000805,1,0,Offer 1-year contract
3,75.05,256.25,Month-to-month,Credit card (automatic),Fiber optic,Female,1,No,0.5959001,1,1,Offer 1-year contract + $10 discount
5,75.55,349.65,Month-to-month,Credit card (automatic),Fiber optic,Female,1,No,0.5959001,1,1,Offer 1-year contract + $10 discount
15,79.4,1156.1,Month-to-month,Electronic check,Fiber optic,Male,1,No,0.5922358,1,1,Offer 1-year contract + $10 discount
4,74.4,306.6,Month-to-month,Mailed check,Fiber optic,Male,1,Yes,0.5916281,1,1,Offer 1-year contract + $10 discount
16,96.4,1581.2,Month-to-month,Electronic check,Fiber optic,Female,1,No,0.5904275,1,1,Offer 1-year contract + $10 discount
13,89.05,1169.35,Month-to-month,Bank transfer (automatic),Fiber optic,Male,1,Yes,0.58955413,1,1,Offer 1-year contract + $10 discount
11,84.8,906.85,Month-to-month,Credit card (automatic),Fiber optic,Female,1,No,0.589275,1,1,Offer 1-year contract + $10 discount
15,89.85,1424.95,Month-to-month,Electronic check,Fiber optic,Female,1,No,0.5850423,1,1,Offer 1-year contract + $10 discount
11,74.35,834.2,Month-to-month,Electronic check,Fiber optic,Male,0,Yes,0.57706565,1,1,Offer 1-year contract + $10 discount
11,70.2,760.05,Month-to-month,Electronic check,Fiber optic,Male,0,No,0.57706565,1,0,Offer 1-year contract + $10 discount
7,76.45,503.6,Month-to-month,Bank transfer (automatic),Fiber optic,Female,1,No,0.57684493,1,1,Offer 1-year contract + $10 discount
14,74.95,1036.75,Month-to-month,Electronic check,Fiber optic,Male,1,No,0.57584846,1,1,Offer 1-year contract + $10 discount
26,98.35,2515.3,Month-to-month,Electronic check,Fiber optic,Male,0,No,0.5753145,1,1,Offer 1-year contract + $10 discount
3,41.15,132.2,Month-to-month,Electronic check,DSL,Male,1,No,0.5743498,1,1,Offer 1-year contract
2,70.0,153.05,Month-to-month,Bank transfer (automatic),Fiber optic,Female,0,No,0.57379204,1,1,Offer 1-year contract + $10 discount
2,74.9,147.15,Month-to-month,Credit card (automatic),Fiber optic,Female,0,No,0.57379204,1,1,Offer 1-year contract + $10 discount
4,76.65,333.6,Month-to-month,Bank transfer (automatic),Fiber optic,Female,0,No,0.57379204,1,1,Offer 1-year contract + $10 discount
3,74.4,215.8,Month-to-month,Bank transfer (automatic),Fiber optic,Female,0,No,0.57379204,1,1,Offer 1-year contract + $10 discount
2,69.75,144.55,Month-to-month,Bank transfer (automatic),Fiber optic,Female,0,No,0.57379204,1,1,Offer 1-year contract + $10 discount
5,69.95,320.4,Month-to-month,Credit card (automatic),Fiber optic,Female,0,Yes,0.57379204,1,0,Offer 1-year contract + $10 discount
3,69.55,222.3,Month-to-month,Bank transfer (automatic),Fiber optic,Female,0,No,0.57379204,1,1,Offer 1-year contract + $10 discount
7,74.4,527.9,Month-to-month,Mailed check,Fiber optic,Male,1,Yes,0.57251596,1,1,Offer 1-year contract + $10 discount
1,49.25,49.25,Month-to-month,Credit card (automatic),DSL,Male,1,Yes,0.5719343,1,1,Offer 1-year contract
2,70.7,129.2,Month-to-month,Mailed check,Fiber optic,Male,0,No,0.5694551,1,0,Offer 1-year contract + $10 discount
5,75.65,399.45,Month-to-month,Mailed check,Fiber optic,Female,0,No,0.5694551,1,0,Offer 1-year contract + $10 discount
2,74.9,136.05,Month-to-month,Mailed check,Fiber optic,Female,0,No,0.5694551,1,0,Offer 1-year contract + $10 discount
3,69.6,207.4,Month-to-month,Mailed check,Fiber optic,Male,0,No,0.5694551,1,0,Offer 1-year contract + $10 discount
6,73.85,401.3,Month-to-month,Mailed check,Fiber optic,Female,0,No,0.5694551,1,0,Offer 1-year contract + $10 discount
3,75.0,209.1,Month-to-month,Mailed check,Fiber optic,Male,0,No,0.5694551,1,1,Offer 1-year contract + $10 discount
3,70.3,220.4,Month-to-month,Mailed check,Fiber optic,Male,0,No,0.5694551,1,0,Offer 1-year contract + $10 discount
20,89.95,1648.45,Month-to-month,Electronic check,Fiber optic,Male,1,No,0.56045467,1,0,Offer 1-year contract + $10 discount
20,96.55,1901.65,Month-to-month,Electronic check,Fiber optic,Female,0,Yes,0.55617344,1,0,Offer 1-year contract + $10 discount
18,96.05,1740.7,Month-to-month,Electronic check,Fiber optic,Female,0,No,0.55617344,1,1,Offer 1-year contract + $10 discount
16,69.65,1043.3,Month-to-month,Electronic check,Fiber optic,Male,1,No,0.55492395,1,0,Offer 1-year contract + $10 discount
7,75.1,552.95,Month-to-month,Bank transfer (automatic),Fiber optic,Female,0,No,0.55447376,1,1,Offer 1-year contract + $10 discount
7,75.45,480.75,Month-to-month,Mailed check,Fiber optic,Female,0,No,0.5500944,1,1,Offer 1-year contract + $10 discount
7,69.9,497.3,Month-to-month,Mailed check,Fiber optic,Female,0,No,0.5500944,1,0,Offer 1-year contract + $10 discount
15,99.1,1426.4,Month-to-month,Credit card (automatic),Fiber optic,Female,0,No,0.5477147,1,1,Offer 1-year contract + $10 discount
15,91.0,1430.05,Month-to-month,Electronic check,Fiber optic,Male,0,No,0.54688394,1,0,Offer 1-year contract + $10 discount
22,95.1,2162.6,Month-to-month,Electronic check,Fiber optic,Male,0,No,0.5463169,1,0,Offer 1-year contract + $10 discount
14,87.25,1258.6,Month-to-month,Electronic check,Fiber optic,Female,0,Yes,0.5437981,1,1,Offer 1-year contract + $10 discount
9,77.65,714.15,Month-to-month,Bank transfer (automatic),Fiber optic,Female,0,No,0.5429882,1,1,Offer 1-year contract + $10 discount
10,78.15,765.15,Month-to-month,Credit card (automatic),Fiber optic,Female,0,Yes,0.53915894,1,0,Offer 1-year contract + $10 discount
30,99.7,2967.35,Month-to-month,Electronic check,Fiber optic,Female,1,No,0.53728133,1,1,Offer 1-year contract + $10 discount
12,79.95,1043.4,Month-to-month,Bank transfer (automatic),Fiber optic,Male,0,No,0.53601235,1,0,Offer 1-year contract + $10 discount
15,86.2,1270.2,Month-to-month,Electronic check,Fiber optic,Female,0,No,0.5357278,1,1,Offer 1-year contract + $10 discount
2,45.35,89.5,Month-to-month,Electronic check,DSL,Male,0,No,0.5335239,1,1,Offer 1-year contract
20,79.15,1520.9,Month-to-month,Electronic check,Fiber optic,Female,1,No,0.5330565,1,1,Offer 1-year contract + $10 discount
19,79.85,1471.75,Month-to-month,Electronic check,Fiber optic,Male,1,No,0.5330565,1,1,Offer 1-year contract + $10 discount
30,101.3,2974.5,Month-to-month,Electronic check,Fiber optic,Female,1,No,0.530665,1,0,Offer 1-year contract + $10 discount
25,95.9,2448.75,Month-to-month,Electronic check,Fiber optic,Male,0,No,0.5298592,1,1,Offer 1-year contract + $10 discount
2,42.6,72.4,Month-to-month,Electronic check,DSL,Female,0,No,0.5284547,1,1,Offer 1-year contract
2,35.1,68.75,Month-to-month,Electronic check,DSL,Female,0,Yes,0.5284547,1,1,Offer 1-year contract
38,102.6,4009.2,Month-to-month,Electronic check,Fiber optic,Male,1,Yes,0.52699965,1,0,Offer 1-year contract + $10 discount
20,90.2,1776.55,Month-to-month,Electronic check,Fiber optic,Male,0,Yes,0.5257075,1,1,Offer 1-year contract + $10 discount
22,89.4,2001.5,Month-to-month,Electronic check,Fiber optic,Male,0,No,0.5257075,1,1,Offer 1-year contract + $10 discount
15,84.3,1308.4,Month-to-month,Electronic check,Fiber optic,Female,0,Yes,0.5236456,1,1,Offer 1-year contract + $10 discount
23,90.45,2117.25,Month-to-month,Electronic check,Fiber optic,Male,1,Yes,0.5222596,1,0,Offer 1-year contract + $10 discount
25,89.5,2196.15,Month-to-month,Electronic check,Fiber optic,Male,1,No,0.5222596,1,1,Offer 1-year contract + $10 discount
26,91.25,2351.8,Month-to-month,Electronic check,Fiber optic,Female,1,No,0.5212975,1,1,Offer 1-year contract + $10 discount
46,98.85,4564.9,Month-to-month,Electronic check,Fiber optic,Male,1,Yes,0.51888126,1,0,Offer 1-year contract + $10 discount
2,44.95,85.15,Month-to-month,Mailed check,DSL,Male,1,No,0.51820195,1,1,Offer 1-year contract
27,95.55,2510.2,Month-to-month,Electronic check,Fiber optic,Male,1,Yes,0.5155044,1,1,Offer 1-year contract + $10 discount
13,80.0,1029.35,Month-to-month,Credit card (automatic),Fiber optic,Female,0,No,0.51532197,1,0,Offer 1-year contract + $10 discount
21,86.5,1808.7,Month-to-month,Electronic check,Fiber optic,Female,0,Yes,0.51449287,1,1,Offer 1-year contract + $10 discount
22,89.05,1886.25,Month-to-month,Electronic check,Fiber optic,Female,0,No,0.51449287,1,0,Offer 1-year contract + $10 discount
22,89.25,1907.85,Month-to-month,Electronic check,Fiber optic,Female,0,No,0.51449287,1,1,Offer 1-year contract + $10 discount
21,86.05,1818.9,Month-to-month,Electronic check,Fiber optic,Female,0,Yes,0.51449287,1,0,Offer 1-year contract + $10 discount
12,79.55,958.25,Month-to-month,Credit card (automatic),Fiber optic,Female,0,No,0.5140144,1,0,Offer 1-year contract + $10 discount
12,81.7,858.6,Month-to-month,Bank transfer (automatic),Fiber optic,Male,0,No,0.5140144,1,1,Offer 1-year contract + $10 discount
16,100.7,1522.7,Month-to-month,Bank transfer (automatic),Fiber optic,Female,0,Yes,0.5126712,1,0,Offer 1-year contract + $10 discount
13,78.3,1033.95,Month-to-month,Credit card (automatic),Fiber optic,Male,0,No,0.51235706,1,0,Offer 1-year contract + $10 discount
22,88.75,1885.15,Month-to-month,Electronic check,Fiber optic,Male,0,Yes,0.5106622,1,0,Offer 1-year contract + $10 discount
41,113.2,4689.5,Month-to-month,Electronic check,Fiber optic,Female,1,No,0.509572,1,1,Offer 1-year contract + $10 discount
30,100.2,2983.8,Month-to-month,Electronic check,Fiber optic,Female,0,No,0.5049277,1,1,Offer 1-year contract + $10 discount
17,100.45,1622.45,Month-to-month,Credit card (automatic),Fiber optic,Male,1,Yes,0.50389165,1,1,Offer 1-year contract + $10 discount
19,105.0,2007.25,Month-to-month,Mailed check,Fiber optic,Female,1,No,0.503297,1,0,Offer 1-year contract + $10 discount
21,84.1,1737.45,Month-to-month,Electronic check,Fiber optic,Male,0,No,0.5023713,1,0,Offer 1-year contract + $10 discount
17,83.55,1329.15,Month-to-month,Electronic check,Fiber optic,Female,0,No,0.5023713,1,0,Offer 1-year contract + $10 discount
14,90.45,1266.1,Month-to-month,Credit card (automatic),Fiber optic,Male,1,No,0.50210315,1,1,Offer 1-year contract + $10 discount
33,100.0,3320.6,Month-to-month,Electronic check,Fiber optic,Female,0,No,0.50125027,1,0,Offer 1-year contract + $10 discount
34,100.05,3480.0,Month-to-month,Electronic check,Fiber optic,Male,0,Yes,0.50125027,1,1,Offer 1-year contract + $10 discount
3,29.9,92.25,Month-to-month,Electronic check,DSL,Male,0,Yes,0.49930686,1,0,Offer 1-year contract
3,25.25,58.9,Month-to-month,Electronic check,DSL,Female,0,No,0.49930686,1,1,Offer 1-year contract
23,93.5,2341.55,Month-to-month,Electronic check,Fiber optic,Female,0,No,0.4984581,1,0,Offer 1-year contract + $10 discount
17,80.85,1400.85,Month-to-month,Electronic check,Fiber optic,Male,0,Yes,0.4980831,1,1,Offer 1-year contract + $10 discount
22,80.15,1790.65,Month-to-month,Electronic check,Fiber optic,Female,0,Yes,0.4980831,1,0,Offer 1-year contract + $10 discount
46,104.45,4863.85,Month-to-month,Electronic check,Fiber optic,Female,1,No,0.4957205,1,0,Offer 1-year contract + $10 discount
18,78.2,1468.75,Month-to-month,Electronic check,Fiber optic,Male,0,Yes,0.49511603,1,0,Offer 1-year contract + $10 discount
21,99.15,1956.4,Month-to-month,Bank transfer (automatic),Fiber optic,Female,0,No,0.49465874,1,0,Offer 1-year contract + $10 discount
34,106.35,3549.25,Month-to-month,Electronic check,Fiber optic,Male,0,No,0.49460334,1,1,Offer 1-year contract + $10 discount
42,100.3,4222.95,Month-to-month,Electronic check,Fiber optic,Male,0,No,0.49460334,1,0,Offer 1-year contract + $10 discount
34,100.85,3527.3,Month-to-month,Electronic check,Fiber optic,Male,0,Yes,0.49460334,1,0,Offer 1-year contract + $10 discount
29,79.3,2414.55,Month-to-month,Electronic check,Fiber optic,Male,1,Yes,0.49238166,1,0,Offer 1-year contract + $10 discount
41,106.5,4282.4,Month-to-month,Electronic check,Fiber optic,Female,0,No,0.48818922,1,0,Offer 1-year contract + $10 discount
12,73.75,871.4,Month-to-month,Credit card (automatic),Fiber optic,Male,0,No,0.4880969,1,1,Offer 1-year contract + $10 discount
21,99.85,1992.55,Month-to-month,Credit card (automatic),Fiber optic,Female,0,No,0.48741385,1,0,Offer 1-year contract + $10 discount
24,90.35,2238.5,Month-to-month,Electronic check,Fiber optic,Male,0,No,0.48725536,1,1,Offer 1-year contract + $10 discount
24,80.5,2088.45,Month-to-month,Electronic check,Fiber optic,Male,1,No,0.48598802,1,0,Offer 1-year contract + $10 discount
17,76.65,1313.55,Month-to-month,Electronic check,Fiber optic,Male,0,No,0.48279235,1,1,Offer 1-year contract + $10 discount
27,78.05,2135.5,Month-to-month,Electronic check,Fiber optic,Female,1,No,0.4798747,1,1,Offer 1-year contract + $10 discount
34,96.35,3190.25,Month-to-month,Electronic check,Fiber optic,Female,1,No,0.47981152,1,0,Offer 1-year contract + $10 discount
53,101.9,5549.4,Month-to-month,Electronic check,Fiber optic,Male,1,Yes,0.47973862,1,1,Offer 1-year contract + $10 discount
26,98.1,2510.7,Month-to-month,Bank transfer (automatic),Fiber optic,Female,1,Yes,0.4787364,1,0,Offer 1-year contract + $10 discount
24,85.95,2107.15,Month-to-month,Electronic check,Fiber optic,Male,0,No,0.47838384,1,0,Offer 1-year contract + $10 discount
16,75.4,1189.4,Month-to-month,Electronic check,Fiber optic,Male,0,Yes,0.47826406,1,0,Offer 1-year contract + $10 discount
21,68.65,1493.2,Month-to-month,Electronic check,Fiber optic,Female,0,No,0.47826406,1,0,Offer 1-year contract + $10 discount
16,72.65,1194.3,Month-to-month,Electronic check,Fiber optic,Female,0,No,0.47826406,1,1,Offer 1-year contract + $10 discount
1,48.75,48.75,Month-to-month,Mailed check,DSL,Male,0,Yes,0.47721645,1,0,Offer 1-year contract
1,45.8,45.8,Month-to-month,Mailed check,DSL,Male,0,No,0.47721645,1,0,Offer 1-year contract
1,45.95,45.95,Month-to-month,Mailed check,DSL,Female,0,No,0.47721645,1,1,Offer 1-year contract
1,45.95,45.95,Month-to-month,Mailed check,DSL,Female,0,No,0.47721645,1,1,Offer 1-year contract
1,45.85,45.85,Month-to-month,Mailed check,DSL,Male,0,No,0.47721645,1,1,Offer 1-year contract
1,45.4,45.4,Month-to-month,Mailed check,DSL,Female,0,No,0.47721645,1,1,Offer 1-year contract
2,55.3,108.65,Month-to-month,Electronic check,DSL,Male,0,No,0.47717562,1,0,Offer 1-year contract
21,103.85,2215.0,Month-to-month,Mailed check,Fiber optic,Male,0,No,0.47531715,1,0,Offer 1-year contract + $10 discount
2,50.15,115.1,Month-to-month,Credit card (automatic),DSL,Female,1,Yes,0.47415483,1,1,Offer 1-year contract
20,108.2,2203.7,Month-to-month,Bank transfer (automatic),Fiber optic,Male,0,No,0.4733341,1,0,Offer 1-year contract + $10 discount
1,43.95,43.95,Month-to-month,Credit card (automatic),DSL,Female,0,No,0.47214076,1,0,Offer 1-year contract
1,44.75,44.75,Month-to-month,Mailed check,DSL,Female,0,No,0.47214076,1,0,Offer 1-year contract
1,44.15,44.15,Month-to-month,Mailed check,DSL,Male,0,No,0.47214076,1,1,Offer 1-year contract
1,44.65,44.65,Month-to-month,Mailed check,DSL,Male,0,No,0.47214076,1,1,Offer 1-year contract
34,94.25,3217.55,Month-to-month,Electronic check,Fiber optic,Female,1,Yes,0.47091118,1,1,Offer 1-year contract + $10 discount
29,94.2,2607.6,Month-to-month,Electronic check,Fiber optic,Male,0,No,0.46995604,1,0,Offer 1-year contract + $10 discount
2,49.95,107.1,Month-to-month,Mailed check,DSL,Male,1,No,0.469741,1,0,Offer 1-year contract
1,53.5,53.5,Month-to-month,Mailed check,DSL,Male,0,No,0.46968144,1,1,Offer 1-year contract
1,49.8,49.8,Month-to-month,Credit card (automatic),DSL,Male,0,No,0.46968144,1,0,Offer 1-year contract
1,49.95,49.95,Month-to-month,Bank transfer (automatic),DSL,Female,0,No,0.46968144,1,1,Offer 1-year contract
1,51.2,51.2,Month-to-month,Mailed check,DSL,Female,0,No,0.46968144,1,0,Offer 1-year contract
1,50.45,50.45,Month-to-month,Mailed check,DSL,Female,0,Yes,0.46968144,1,1,Offer 1-year contract
1,50.45,50.45,Month-to-month,Mailed check,DSL,Female,0,No,0.46968144,1,1,Offer 1-year contract
1,49.9,49.9,Month-to-month,Mailed check,DSL,Male,0,No,0.46968144,1,1,Offer 1-year contract
2,56.55,118.25,Month-to-month,Credit card (automatic),DSL,Female,1,No,0.46947765,1,0,Offer 1-year contract
37,96.55,3580.3,Month-to-month,Electronic check,Fiber optic,Female,1,No,0.4681262,1,1,Offer 1-year contract + $10 discount
1,24.2,24.2,Month-to-month,Mailed check,DSL,Male,0,No,0.46793994,1,0,Offer 1-year contract
1,25.35,25.35,Month-to-month,Mailed check,DSL,Male,0,No,0.46793994,1,0,Offer 1-year contract
1,29.95,29.95,Month-to-month,Bank transfer (automatic),DSL,Female,0,No,0.46793994,1,1,Offer 1-year contract
1,29.15,29.15,Month-to-month,Mailed check,DSL,Male,0,No,0.46793994,1,0,Offer 1-year contract
13,74.4,896.75,Month-to-month,Credit card (automatic),Fiber optic,Male,0,Yes,0.46739295,1,1,Offer 1-year contract + $10 discount
49,99.8,4872.45,Month-to-month,Electronic check,Fiber optic,Male,0,Yes,0.46648523,1,1,Offer 1-year contract + $10 discount
24,76.1,1712.7,Month-to-month,Electronic check,Fiber optic,Male,1,No,0.46637568,1,1,Offer 1-year contract + $10 discount
52,109.1,5647.95,Month-to-month,Electronic check,Fiber optic,Female,1,Yes,0.46409798,1,0,Offer 1-year contract + $10 discount
47,98.75,4533.7,Month-to-month,Electronic check,Fiber optic,Female,0,Yes,0.4612315,1,1,Offer 1-year contract + $10 discount
26,85.75,2146.5,Month-to-month,Electronic check,Fiber optic,Male,0,No,0.46118745,1,0,Offer 1-year contract + $10 discount
1,62.05,62.05,Month-to-month,Mailed check,DSL,Male,0,No,0.46004653,1,1,Offer 1-year contract
38,94.75,3653.0,Month-to-month,Electronic check,Fiber optic,Male,1,No,0.45925125,1,0,Offer 1-year contract + $10 discount
43,94.3,3953.15,Month-to-month,Electronic check,Fiber optic,Male,1,Yes,0.45925125,1,0,Offer 1-year contract + $10 discount
3,43.3,123.65,Month-to-month,Electronic check,DSL,Male,0,No,0.45758668,1,1,Offer 1-year contract
23,90.6,1943.2,Month-to-month,Electronic check,Fiber optic,Male,0,No,0.45715627,1,1,Offer 1-year contract + $10 discount
32,74.4,2276.95,Month-to-month,Electronic check,Fiber optic,Female,1,No,0.45353153,1,1,Offer 1-year contract + $10 discount
35,70.55,2419.0,Month-to-month,Electronic check,Fiber optic,Female,1,No,0.45353153,1,0,Offer 1-year contract + $10 discount
3,54.2,140.4,Month-to-month,Electronic check,DSL,Female,0,No,0.45234218,1,0,Offer 1-year contract
37,76.5,2868.15,Month-to-month,Electronic check,Fiber optic,Female,1,Yes,0.45149514,1,1,Offer 1-year contract + $10 discount
47,106.4,5127.95,Month-to-month,Electronic check,Fiber optic,Female,0,No,0.45067334,1,1,Offer 1-year contract + $10 discount
23,84.25,1968.1,Month-to-month,Electronic check,Fiber optic,Male,0,Yes,0.44835356,1,0,Offer 1-year contract + $10 discount
24,84.35,1938.05,Month-to-month,Electronic check,Fiber optic,Female,0,No,0.44835356,1,0,Offer 1-year contract + $10 discount
16,74.3,1178.25,Month-to-month,Credit card (automatic),Fiber optic,Male,1,Yes,0.44815785,1,1,Offer 1-year contract + $10 discount
36,84.1,3021.6,Month-to-month,Electronic check,Fiber optic,Male,1,Yes,0.4479393,1,1,Offer 1-year contract + $10 discount
36,90.85,3186.7,Month-to-month,Electronic check,Fiber optic,Male,1,No,0.4479393,1,1,Offer 1-year contract + $10 discount
3,57.55,161.45,Month-to-month,Electronic check,DSL,Female,0,No,0.447697,1,0,Offer 1-year contract
37,76.25,2841.55,Month-to-month,Electronic check,Fiber optic,Female,1,No,0.44700664,1,1,Offer 1-year contract + $10 discount
28,91.0,2626.15,Month-to-month,Electronic check,Fiber optic,Male,0,No,0.44699144,1,0,Offer 1-year contract + $10 discount
50,95.05,4888.7,Month-to-month,Electronic check,Fiber optic,Female,1,Yes,0.44690728,1,1,Offer 1-year contract + $10 discount
21,95.4,2025.1,Month-to-month,Bank transfer (automatic),Fiber optic,Female,1,No,0.4456493,1,0,Offer 1-year contract + $10 discount
32,96.2,3183.4,Month-to-month,Electronic check,Fiber optic,Male,0,No,0.44107613,1,1,Offer 1-year contract + $10 discount
3,69.35,191.35,Month-to-month,Electronic check,DSL,Male,0,No,0.44062796,1,1,Offer 1-year contract
70,106.05,7554.05,Month-to-month,Electronic check,Fiber optic,Male,0,Yes,0.43929818,1,0,Offer 1-year contract + $10 discount
2,49.2,103.7,Month-to-month,Mailed check,DSL,Female,0,No,0.43766245,1,0,Offer 1-year contract
56,104.75,5841.35,Month-to-month,Electronic check,Fiber optic,Female,1,No,0.436378,1,0,Offer 1-year contract + $10 discount
22,90.5,1910.6,Month-to-month,Bank transfer (automatic),Fiber optic,Male,1,No,0.43595126,1,1,Offer 1-year contract + $10 discount
42,104.75,4323.45,Month-to-month,Bank transfer (automatic),Fiber optic,Female,1,No,0.43485993,1,1,Offer 1-year contract + $10 discount
27,75.5,1893.95,Month-to-month,Electronic check,Fiber optic,Male,1,Yes,0.4331984,1,1,Offer 1-year contract + $10 discount
2,24.9,49.7,Month-to-month,Credit card (automatic),DSL,Male,0,No,0.4328673,1,0,Offer 1-year contract
28,81.05,2227.1,Month-to-month,Electronic check,Fiber optic,Female,0,Yes,0.4325928,1,1,Offer 1-year contract + $10 discount
32,78.9,2447.95,Month-to-month,Electronic check,Fiber optic,Male,0,Yes,0.43169293,1,1,Offer 1-year contract + $10 discount
2,50.3,92.75,Month-to-month,Mailed check,DSL,Male,0,No,0.43023792,1,0,Offer 1-year contract
23,74.95,1710.45,Month-to-month,Electronic check,Fiber optic,Male,0,No,0.42882264,1,1,Offer 1-year contract + $10 discount
25,69.75,1729.35,Month-to-month,Electronic check,Fiber optic,Male,0,No,0.42882264,1,0,Offer 1-year contract + $10 discount
15,84.35,1302.65,Month-to-month,Credit card (automatic),Fiber optic,Female,0,No,0.4256619,1,0,Offer 1-year contract + $10 discount
32,86.1,2723.75,Month-to-month,Electronic check,Fiber optic,Female,0,Yes,0.42523775,1,0,Offer 1-year contract + $10 discount
30,85.0,2624.25,Month-to-month,Electronic check,Fiber optic,Female,0,Yes,0.42523775,1,1,Offer 1-year contract + $10 discount
31,81.15,2640.55,Month-to-month,Electronic check,Fiber optic,Male,0,No,0.42523775,1,0,Offer 1-year contract + $10 discount
35,83.15,2848.45,Month-to-month,Electronic check,Fiber optic,Male,0,No,0.42523775,1,0,Offer 1-year contract + $10 discount
1,19.45,19.45,Month-to-month,Electronic check,No,Female,0,Yes,0.4237797,1,0,Offer 1-year contract
33,105.35,3465.05,Month-to-month,Bank transfer (automatic),Fiber optic,Female,1,No,0.42233625,1,0,Offer 1-year contract + $10 discount
35,100.5,3653.35,Month-to-month,Bank transfer (automatic),Fiber optic,Female,1,Yes,0.42233625,1,1,Offer 1-year contract + $10 discount
18,95.95,1745.5,Month-to-month,Credit card (automatic),Fiber optic,Female,0,Yes,0.4214635,1,0,Offer 1-year contract + $10 discount
43,94.1,4107.3,Month-to-month,Electronic check,Fiber optic,Female,0,Yes,0.42083296,1,0,Offer 1-year contract + $10 discount
46,85.0,3969.4,Month-to-month,Electronic check,Fiber optic,Male,1,No,0.42074227,1,1,Offer 1-year contract + $10 discount
31,93.8,3019.5,Month-to-month,Electronic check,Fiber optic,Male,0,Yes,0.42063287,1,1,Offer 1-year contract + $10 discount
22,95.9,2234.95,Month-to-month,Credit card (automatic),Fiber optic,Male,0,Yes,0.4204503,1,0,Offer 1-year contract + $10 discount
4,105.65,443.9,One year,Electronic check,Fiber optic,Female,0,No,0.41951916,1,1,Loyalty cashback offer
1,19.25,19.25,Month-to-month,Electronic check,No,Female,0,Yes,0.4182347,1,0,Offer 1-year contract
20,85.8,1727.5,Month-to-month,Credit card (automatic),Fiber optic,Female,1,No,0.4177859,1,1,Offer 1-year contract + $10 discount
17,85.35,1463.45,Month-to-month,Bank transfer (automatic),Fiber optic,Female,1,Yes,0.4177859,1,1,Offer 1-year contract + $10 discount
37,106.75,4056.75,Month-to-month,Bank transfer (automatic),Fiber optic,Female,1,No,0.41608775,1,1,Offer 1-year contract + $10 discount
4,49.35,219.65,Month-to-month,Electronic check,DSL,Male,0,No,0.41306123,1,1,Offer 1-year contract
16,89.05,1448.6,Month-to-month,Credit card (automatic),Fiber optic,Male,0,No,0.41300163,1,1,Offer 1-year contract + $10 discount
29,100.55,2878.75,Month-to-month,Bank transfer (automatic),Fiber optic,Female,0,No,0.41281322,1,0,Offer 1-year contract + $10 discount
1,21.0,21.0,Month-to-month,Electronic check,No,Female,0,Yes,0.41190737,1,1,Offer 1-year contract
45,86.1,3861.45,Month-to-month,Electronic check,Fiber optic,Female,1,Yes,0.41172755,1,0,Offer 1-year contract + $10 discount
33,91.25,2964.05,Month-to-month,Electronic check,Fiber optic,Male,0,Yes,0.40975028,1,0,Offer 1-year contract + $10 discount
31,91.15,2995.45,Month-to-month,Electronic check,Fiber optic,Female,0,Yes,0.40975028,1,1,Offer 1-year contract + $10 discount
36,87.55,3078.1,Month-to-month,Electronic check,Fiber optic,Female,0,No,0.40975028,1,1,Offer 1-year contract + $10 discount
54,90.05,4931.8,Month-to-month,Electronic check,Fiber optic,Male,1,No,0.40862337,1,0,Offer 1-year contract + $10 discount
3,35.1,101.1,Month-to-month,Mailed check,DSL,Male,0,Yes,0.4083332,1,0,Offer 1-year contract
4,44.8,169.65,Month-to-month,Electronic check,DSL,Male,0,Yes,0.40813518,1,0,Offer 1-year contract
4,44.55,174.3,Month-to-month,Electronic check,DSL,Male,0,No,0.40813518,1,1,Offer 1-year contract
1,20.55,20.55,Month-to-month,Electronic check,No,Male,0,No,0.40803826,1,1,Offer 1-year contract
1,20.7,20.7,Month-to-month,Electronic check,No,Female,0,No,0.40803826,1,0,Offer 1-year contract
15,69.0,994.8,Month-to-month,Bank transfer (automatic),Fiber optic,Female,0,No,0.40714464,1,1,Offer 1-year contract + $10 discount
48,95.4,4445.3,Month-to-month,Electronic check,Fiber optic,Male,0,No,0.4053525,1,0,Offer 1-year contract + $10 discount
3,25.0,78.25,Month-to-month,Mailed check,DSL,Male,0,Yes,0.40426534,1,0,Offer 1-year contract
3,31.0,95.05,Month-to-month,Mailed check,DSL,Female,0,Yes,0.40426534,1,1,Offer 1-year contract
4,29.65,118.5,Month-to-month,Electronic check,DSL,Male,0,No,0.4040679,1,1,Offer 1-year contract
4,55.2,220.65,Month-to-month,Electronic check,DSL,Female,0,No,0.40303633,1,0,Offer 1-year contract
5,53.8,283.95,Month-to-month,Electronic check,DSL,Female,0,No,0.40303633,1,0,Offer 1-year contract
32,98.85,3145.9,Month-to-month,Credit card (automatic),Fiber optic,Male,0,Yes,0.4017311,1,0,Offer 1-year contract + $10 discount
10,98.9,1064.95,One year,Electronic check,Fiber optic,Male,0,No,0.40171355,1,0,Loyalty cashback offer
43,99.3,4209.95,Month-to-month,Bank transfer (automatic),Fiber optic,Female,0,Yes,0.4013234,1,0,Offer 1-year contract + $10 discount
18,95.15,1779.95,Month-to-month,Mailed check,Fiber optic,Male,0,Yes,0.40034065,1,1,Offer 1-year contract + $10 discount
